{"stats":{"minecraft:custom":{"minecraft:jump":62,"minecraft:open_chest":2,"minecraft:time_since_rest":3903,"minecraft:deaths":1,"minecraft:damage_taken":280,"minecraft:play_one_minute":23129,"minecraft:sprint_one_cm":66,"minecraft:play_record":3,"minecraft:time_since_death":3756,"minecraft:walk_one_cm":40196,"minecraft:sneak_time":131,"minecraft:drop":8,"minecraft:fly_one_cm":374606,"minecraft:leave_game":1},"minecraft:picked_up":{"minecraft:music_disc_strad":8,"minecraft:tripwire_hook":1,"minecraft:diamond_sword":3},"minecraft:used":{"minecraft:jukebox":1,"minecraft:music_disc_strad":3},"minecraft:dropped":{"minecraft:diamond_sword":3,"minecraft:music_disc_strad":4,"minecraft:tripwire_hook":1}},"DataVersion":1631}